{"data": {"train": {"well": ["RD-1P", "RD-1P", "RD-1P", "RD-1P", "RD-1P", "RD-1P", "RD-1P", "RD-1P", "RD-1P", "RD-1P", "RD-1P", "RD-1P", "RD-1P", "RD-1P", "RD-1P", "RD-1P", "RD-1P", "RD-1P", "RD-1P", "RD-1P", "RD-1P", "RD-1P", "RD-1P", "RD-1P", "RD-1P", "RD-1P", "RD-1P", "RD-1P", "RD-1P", "RD-1P", "RD-1P", "RD-1P", "RD-1P", "RD-1P", "RD-1P", "RD-1P", "RD-1P", "RD-1P", "RD-1P", "RD-1P", "RD-1P", "RD-1P", "RD-1P", "RD-1P", "RD-1P", "RD-1P", "RD-1P", "RD-1P", "RD-1P", "RD-1P", "RD-1P", "RD-1P", "RD-1P", "RD-1P", "RD-1P", "RD-1P", "RD-1P", "RD-1P", "RD-1P", "RD-1P", "RD-1P", "RD-1P", "RD-1P", "RD-1P", "RD-1P", "RD-1P", "RD-1P", "RD-1P", "RD-1P", "RD-1P", "RD-1P", "RD-1P", "RD-1P", "RD-1P", "RD-1P", "RD-1P", "RD-1P", "RD-1P", "RD-1P", "RD-1P", "RD-1P", "RD-1P", "RD-1P", "RD-1P", "RD-1P", "RD-1P", "RD-1P", "RD-1P", "RD-1P", "RD-1P", "RD-1P", "RD-1P", "RD-1P", "RD-1P", "RD-1P", "RD-1P", "RD-1P", "RD-1P", "RD-1P", "RD-1P"], "facies": [5.0, 5.0, 5.0, 5.0, 5.0, 5.0, 5.0, 5.0, 5.0, 5.0, 5.0, 5.0, 5.0, 5.0, 5.0, 3.0, 3.0, 3.0, 3.0, 3.0, 3.0, 3.0, 3.0, 3.0, 5.0, 5.0, 2.0, 2.0, 2.0, 2.0, 2.0, 2.0, 2.0, 2.0, 2.0, 2.0, 2.0, 2.0, 2.0, 5.0, 5.0, 5.0, 5.0, 5.0, 5.0, 5.0, 5.0, 5.0, 5.0, 5.0, 5.0, 5.0, 5.0, 5.0, 5.0, 5.0, 5.0, 5.0, 5.0, 5.0, 5.0, 5.0, 2.0, 2.0, 2.0, 2.0, 2.0, 2.0, 2.0, 2.0, 2.0, 2.0, 2.0, 2.0, 5.0, 5.0, 5.0, 5.0, 5.0, 5.0, 3.0, 3.0, 3.0, 3.0, 3.0, 3.0, 3.0, 3.0, 3.0, 3.0, 3.0, 3.0, 3.0, 3.0, 3.0, 3.0, 3.0, 3.0, 3.0, 3.0], "data": [[2555.4432, 2555.5956, 2555.748, 2555.9004, 2556.0528, 2556.2052, 2556.3576, 2556.51, 2556.6624, 2556.8148, 2556.9672, 2557.1196, 2557.272, 2557.4244, 2557.5768, 2557.7292, 2557.8816, 2558.034, 2558.1864, 2558.3388, 2558.4912, 2558.6436, 2558.7960000000003, 2558.9484, 2559.1008, 2559.2532, 2559.4056, 2559.558, 2559.7104, 2559.8628, 2560.0152, 2560.1676, 2560.32, 2560.4724, 2560.6248, 2560.7772, 2560.9296, 2561.0820000000003, 2561.2344, 2561.3868, 2561.5392, 2561.6916, 2561.844, 2561.9964, 2562.1488, 2562.3012, 2562.4536, 2562.606, 2562.7584, 2562.9108, 2563.0632, 2563.2156, 2563.368, 2563.5204, 2563.6728, 2563.8252, 2563.9776, 2564.13, 2564.2824, 2564.4348, 2564.5872, 2564.7396, 2564.8920000000003, 2565.0444, 2565.1968, 2565.3492, 2565.5016, 2565.654, 2565.8064, 2565.9588, 2566.1112, 2566.2636, 2566.416, 2566.5684, 2566.7208, 2566.8732, 2567.0256, 2567.178, 2567.3304, 2567.4828, 2567.6352, 2567.7876, 2567.94, 2568.0924, 2568.2448, 2568.3972, 2568.5496, 2568.702, 2568.8544, 2569.0068, 2569.1592, 2569.3116, 2569.464, 2569.6164, 2569.7688, 2569.9212, 2570.0736, 2570.226, 2570.3784, 2570.5308], [2434.7698, 2434.9184, 2435.0669, 2435.2155, 2435.3641, 2435.5126, 2435.6612, 2435.8098, 2435.9583, 2436.1069, 2436.2555, 2436.404, 2436.5526, 2436.7012, 2436.8498, 2436.9983, 2437.1469, 2437.2955, 2437.444, 2437.5926, 2437.7412, 2437.8897, 2438.0383, 2438.1869, 2438.3354, 2438.484, 2438.6326, 2438.7811, 2438.9297, 2439.0783, 2439.2268, 2439.3754, 2439.524, 2439.6725, 2439.8211, 2439.9697, 2440.1183, 2440.2668, 2440.4154, 2440.564, 2440.7128, 2440.8617, 2441.0106, 2441.1594, 2441.3083, 2441.4571, 2441.606, 2441.7549, 2441.9037, 2442.0526, 2442.2014, 2442.3503, 2442.4991, 2442.6479999999997, 2442.7969, 2442.9457, 2443.0946, 2443.2434, 2443.3923, 2443.5412, 2443.69, 2443.8389, 2443.9877, 2444.1366, 2444.2855, 2444.4343, 2444.5832, 2444.732, 2444.8809, 2445.0297, 2445.1786, 2445.3275, 2445.4763, 2445.6252, 2445.774, 2445.9229, 2446.0718, 2446.2206, 2446.3695, 2446.5183, 2446.6672, 2446.8160000000003, 2446.9649, 2447.1138, 2447.2626, 2447.4115, 2447.5603, 2447.7092, 2447.8581, 2448.0069, 2448.1558, 2448.3046, 2448.4535, 2448.6023, 2448.7512, 2448.9001, 2449.0489, 2449.1978, 2449.3466, 2449.4955], [108.8463, 101.5264, 95.8249, 93.1631, 89.5697, 85.5904, 80.3998, 73.9984, 70.3916, 71.3232, 72.268, 75.5952, 72.8004, 77.1761, 74.7805, 74.2481, 76.9388, 79.2013, 89.4492, 89.4366, 93.1631, 87.5584, 87.9577, 84.7635, 80.5196, 74.7967, 81.6975, 93.7533, 102.8034, 102.6704, 104.1898, 107.2509, 107.2706, 104.6088, 100.7492, 97.0051, 98.6022, 97.0051, 101.5478, 98.9745, 96.3127, 92.1869, 90.5013, 96.0709, 101.7937, 115.1027, 116.9862, 119.9142, 113.9037, 117.2062, 113.3466, 115.8738, 112.8375, 113.2368, 109.1339, 108.6015, 112.9701, 115.6319, 107.6465, 94.1367, 82.4866, 82.1576, 79.3207, 76.0647, 73.3179, 75.5805, 80.5048, 82.3828, 82.2497, 82.3828, 87.2885, 90.3495, 89.5453, 84.3735, 83.708, 81.4512, 79.721, 74.9298, 75.4472, 73.0516, 74.2494, 75.4621, 80.5993, 81.1317, 83.9265, 85.9762, 90.8829, 91.9477, 92.3469, 92.0984, 89.7027, 88.3549, 86.4917, 84.8946, 80.9516, 82.2825, 84.0127, 86.6417, 85.8431, 88.7529], [0.2312, 0.2011, 0.1827, 0.1769, 0.1711, 0.1545, 0.1323, 0.1151, 0.1037, 0.1033, 0.1099, 0.1096, 0.1107, 0.1077, 0.1126, 0.1072, 0.1205, 0.1256, 0.1273, 0.1061, 0.1047, 0.1345, 0.1665, 0.1859, 0.1718, 0.1629, 0.1661, 0.1897, 0.2186, 0.2243, 0.222, 0.2208, 0.2195, 0.2325, 0.2226, 0.1994, 0.1494, 0.1262, 0.1413, 0.1591, 0.1529, 0.1373, 0.1417, 0.1684, 0.19899999999999998, 0.2328, 0.2609, 0.2643, 0.258, 0.2431, 0.2393, 0.2387, 0.237, 0.2458, 0.2463, 0.2551, 0.2579, 0.2603, 0.2478, 0.2223, 0.1944, 0.1823, 0.1735, 0.1868, 0.2002, 0.2146, 0.2064, 0.1918, 0.19399999999999998, 0.1968, 0.1997, 0.1979, 0.2024, 0.2192, 0.2231, 0.2129, 0.1817, 0.1479, 0.1234, 0.1181, 0.1323, 0.1588, 0.1735, 0.1751, 0.1788, 0.1797, 0.1804, 0.1834, 0.1869, 0.18899999999999997, 0.1891, 0.1941, 0.2005, 0.1902, 0.1812, 0.1788, 0.2006, 0.2068, 0.2121, 0.2064], [2.5599, 2.5860000000000003, 2.5913, 2.5854, 2.5766, 2.5839999999999996, 2.6041, 2.6189, 2.6186, 2.6012, 2.5799, 2.5753, 2.5822, 2.5832, 2.5768, 2.5488, 2.5122, 2.4796, 2.4792, 2.4869, 2.4775, 2.4644, 2.4722, 2.5101, 2.5498, 2.5644, 2.5407, 2.4784, 2.4121, 2.3735, 2.3644, 2.3652, 2.3604, 2.3531, 2.3631, 2.424, 2.4988, 2.5326, 2.5091, 2.485, 2.5227, 2.5707, 2.5883, 2.5693, 2.5591, 2.563, 2.5637, 2.5603, 2.5629, 2.5752, 2.5794, 2.5810000000000004, 2.5694, 2.5582, 2.5487, 2.5526, 2.5528, 2.5481, 2.5413, 2.5471, 2.556, 2.5442, 2.5094, 2.4684, 2.44, 2.4292, 2.4232, 2.4092, 2.3946, 2.3815, 2.3818, 2.3957, 2.4123, 2.4227, 2.4193, 2.4319, 2.4848, 2.5608, 2.6246, 2.647, 2.6152, 2.563, 2.5134, 2.4973, 2.4811, 2.4771, 2.4833, 2.5045, 2.5179, 2.5102, 2.4949, 2.484, 2.4813, 2.4808, 2.4659999999999997, 2.4572, 2.4518, 2.4566, 2.4627, 2.4644], [84.4916, 81.334, 79.4669, 76.8788, 76.0191, 73.9249, 71.6853, 69.9584, 68.6863, 69.0061, 69.5666, 69.7142, 69.6611, 67.6934, 66.6587, 68.2637, 70.9803, 70.8214, 70.8148, 71.5136, 73.0779, 77.0244, 78.0665, 77.0007, 74.5234, 73.9617, 78.0052, 80.453, 84.6882, 87.4636, 87.1915, 87.221, 86.551, 87.3174, 82.64299999999999, 77.5621, 73.2116, 71.8269, 73.0117, 75.1644, 74.0598, 71.9421, 73.7916, 79.0488, 82.6518, 85.4679, 88.04899999999999, 87.5778, 88.0305, 87.2026, 86.6385, 86.7818, 86.4011, 87.3342, 88.4681, 87.2817, 86.6221, 84.2903, 79.6495, 80.4171, 77.4082, 75.6148, 80.0315, 79.0432, 81.8112, 82.5247, 81.7178, 80.719, 80.0696, 82.6586, 84.1845, 82.6648, 83.81700000000001, 85.9908, 84.9135, 80.5387, 74.4906, 64.8872, 65.5596, 71.5917, 73.4125, 95.4612, 96.0679, 96.8145, 89.5216, 80.2579, 77.5646, 78.6443, 80.077, 82.1028, 82.5932, 82.6603, 82.432, 82.7842, 83.2743, 83.1848, 83.175, 82.9586, 82.96700000000001, 83.1318], [0.6982, 0.617, 0.5536, 0.524, 0.4841, 0.4399, 0.3822, 0.3111, 0.271, 0.2814, 0.2919, 0.3288, 0.2978, 0.3464, 0.3198, 0.3139, 0.3438, 0.369, 0.4828, 0.4826, 0.524, 0.4618, 0.4662, 0.4307, 0.3836, 0.3201, 0.3967, 0.5307, 0.6311, 0.6297, 0.6466, 0.6806, 0.6808, 0.6512, 0.6083, 0.5667, 0.5845, 0.5667, 0.6172, 0.5886, 0.5589999999999999, 0.5132, 0.4945, 0.5563, 0.62, 0.7678, 0.7887, 0.8213, 0.7545, 0.7912, 0.7483, 0.7764, 0.7426, 0.7471, 0.7015, 0.6956, 0.7441, 0.7736, 0.6849, 0.5348, 0.4054, 0.4018, 0.3702, 0.3341, 0.3035, 0.3287, 0.3834, 0.4043, 0.4028, 0.4043, 0.4588, 0.4928, 0.4838, 0.4264, 0.419, 0.3939, 0.3747, 0.3214, 0.3272, 0.3006, 0.3139, 0.3274, 0.3844, 0.3904, 0.4214, 0.4442, 0.4987, 0.5105, 0.515, 0.5122, 0.4856, 0.4706, 0.4499, 0.4322, 0.3884, 0.4031, 0.4224, 0.4516, 