{"data": {"train": {"well": ["RD-1P", "RD-1P", "RD-1P", "RD-1P", "RD-1P", "RD-1P", "RD-1P", "RD-1P", "RD-1P", "RD-1P"], "facies": [5.0, 5.0, 5.0, 5.0, 5.0, 5.0, 5.0, 5.0, 5.0, 5.0], "data": [[2555.4432, 2555.5956, 2555.748, 2555.9004, 2556.0528, 2556.2052, 2556.3576, 2556.51, 2556.6624, 2556.8148], [2434.7698, 2434.9184, 2435.0669, 2435.2155, 2435.3641, 2435.5126, 2435.6612, 2435.8098, 2435.9583, 2436.1069], [108.8463, 101.5264, 95.8249, 93.1631, 89.5697, 85.5904, 80.3998, 73.9984, 70.3916, 71.3232], [0.2312, 0.2011, 0.1827, 0.1769, 0.1711, 0.1545, 0.1323, 0.1151, 0.1037, 0.1033], [2.5599, 2.5860000000000003, 2.5913, 2.5854, 2.5766, 2.5839999999999996, 2.6041, 2.6189, 2.6186, 2.6012], [84.4916, 81.334, 79.4669, 76.8788, 76.0191, 73.9249, 71.6853, 69.9584, 68.6863, 69.0061], [0.6982, 0.617, 0.5536, 0.524, 0.4841, 0.4399, 0.3822, 0.3111, 0.271, 0.2814], [0.036000000000000004, 0.0333, 0.033, 0.0371, 0.0437, 0.0405, 0.0322, 0.0, 0.0, 0.0]]}, "test": {"well": ["RD-1P", "RD-1P", "RD-1P", "RD-1P", "RD-1P", "RD-1P", "RD-1P", "RD-1P", "RD-1P", "RD-1P"], "data": [[2556.9672, 2557.1196, 2557.272, 2557.4244, 2557.5768, 2557.7292, 2557.8816, 2558.034, 2558.1864, 2558.3388], [2436.2555, 2436.404, 2436.5526, 2436.7012, 2436.8498, 2436.9983, 2437.1469, 2437.2955, 2437.444, 2437.5926], [72.268, 75.5952, 72.8004, 77.1761, 74.7805, 74.2481, 76.9388, 79.2013, 89.4492, 89.4366], [0.1099, 0.1096, 0.1107, 0.1077, 0.1126, 0.1072, 0.1205, 0.1256, 0.1273, 0.1061], [2.5799, 2.5753, 2.5822, 2.5832, 2.5768, 2.5488, 2.5122, 2.4796, 2.4792, 2.4869], [69.5666, 69.7142, 69.6611, 67.6934, 66.6587, 68.2637, 70.9803, 70.8214, 70.8148, 71.5136], [0.2919, 0.3288, 0.2978, 0.3464, 0.3198, 0.3139, 0.3438, 0.369, 0.4828, 0.4826], [0.0, 0.0, 0.0, 0.0, 0.0, 0.0, 0.0843, 0.1054, 0.1055, 0.1016]]}}, "params": {"dim": 3, "tau": 1, "epsilon": 12, "lambd": 10, "percent": 1, "curve_number": 3, "facies_class_number": 5}}